{
  "Selectivity": {
    "MAE": 0.7635590434074402,
    "RMSE": 1.1566060523238744,
    "R2": 0.9065263271331787
  },
  "Li_Crystallization_mg_m2_h": {
    "MAE": 0.03733013942837715,
    "RMSE": 0.06015682135038164,
    "R2": 0.671959638595581
  },
  "Evap_kg_m2_h": {
    "MAE": 0.013840108178555965,
    "RMSE": 0.01884141578414471,
    "R2": 0.9166184067726135
  }
}