{
  "Selectivity": {
    "MAE": 0.4015527367591858,
    "RMSE": 0.7540926134694454,
    "R2": 0.9602655172348022
  },
  "Li_Crystallization_mg_m2_h": {
    "MAE": 0.03722798824310303,
    "RMSE": 0.057616041867132844,
    "R2": 0.6990846395492554
  },
  "Evap_kg_m2_h": {
    "MAE": 0.014097544364631176,
    "RMSE": 0.019045688972833263,
    "R2": 0.9148005843162537
  }
}