{
  "Selectivity": {
    "min": 4.360378265380859,
    "max": 20.47693634033203,
    "mean": 11.656325340270996,
    "n_negative": 0
  },
  "Li_Crystallization_mg_m2_h": {
    "min": 0.13748200237751007,
    "max": 0.47837552428245544,
    "mean": 0.28024256229400635,
    "n_negative": 0
  },
  "Evap_kg_m2_h": {
    "min": 1.1750560998916626,
    "max": 1.5270522832870483,
    "mean": 1.257440447807312,
    "n_negative": 0
  }
}