{
  "Selectivity": {
    "min": 4.092435836791992,
    "max": 23.301179885864258,
    "mean": 11.828147888183594,
    "n_negative": 0
  },
  "Li_Crystallization_mg_m2_h": {
    "min": 0.1497046947479248,
    "max": 0.486747682094574,
    "mean": 0.2921280562877655,
    "n_negative": 0
  },
  "Evap_kg_m2_h": {
    "min": 1.1787724494934082,
    "max": 1.5128796100616455,
    "mean": 1.2573163509368896,
    "n_negative": 0
  }
}