{
  "MAE": {
    "0.1": {
      "MSE": 1.1757668256759644,
      "R2": 0.1116146445274353
    },
    "0.2": {
      "MSE": 0.6703320741653442,
      "R2": 0.09930217266082764
    },
    "0.3": {
      "MSE": 0.7327097058296204,
      "R2": 0.08402341604232788
    },
    "0.5": {
      "MSE": 1.0925205945968628,
      "R2": 0.021070241928100586
    }
  },
  "Mean": {
    "0.1": {
      "MSE": 1.3270066976547241,
      "R2": -0.0026592016220092773
    },
    "0.2": {
      "MSE": 0.7482953071594238,
      "R2": -0.005453824996948242
    },
    "0.3": {
      "MSE": 0.803988516330719,
      "R2": -0.005083799362182617
    },
    "0.5": {
      "MSE": 1.1230124235153198,
      "R2": -0.006251335144042969
    }
  },
  "KNN": {
    "0.1": {
      "MSE": 1.0447320938110352,
      "R2": 0.21062183380126953
    },
    "0.2": {
      "MSE": 0.3183962404727936,
      "R2": 0.5721839666366577
    },
    "0.3": {
      "MSE": 0.4029097855091095,
      "R2": 0.49631357192993164
    },
    "0.5": {
      "MSE": 0.9876585006713867,
      "R2": 0.11502969264984131
    }
  }
}